date,price,unitsordered,sales,cogs,fba,reffee,adspend,profit,comp_1_price,comp_2_price,comp_3_price,comp_4_price,comp_5_price,comp_data_min_price,comp_data_max_price,managed_fba_stock_level,min_price,max_price
2022/1/1,28.49,25,712,290,198,107,0,117,28.95,29.99,34.99,32.99,,28.95,34.99,,25.99,31.99
2022/1/2,28.49,51,1453,592,403,218,0,240,28.95,29.99,34.99,32.99,,28.95,34.99,,25.99,31.99
2022/1/3,28.59,151,4317,1752,1194,648,0,723,28.95,29.99,34.99,32.99,,28.95,34.99,,25.99,31.99
2022/1/4,28.99,181,5247,2100,1432,787,0,928,28.95,29.99,34.99,32.99,,28.95,34.99,,25.99,31.99
2022/1/5,29.29,146,4276,1694,1155,641,0,786,28.95,29.99,34.99,32.99,,28.95,34.99,,25.99,31.99
2022/1/6,29.29,142,4159,1647,1123,624,0,765,28.95,29.99,32.99,32.99,,28.95,32.99,,25.99,31.99
2022/1/7,29.29,121,3544,1404,957,532,0,651,28.95,29.99,32.99,32.99,,28.95,32.99,,25.99,31.99
2022/1/8,28.59,38,1086,441,301,163,0,181,28.95,29.99,32.99,32.99,,28.95,32.99,,25.99,31.99
2022/1/9,29.29,23,674,267,182,101,0,124,28.95,29.99,32.99,32.99,,28.95,32.99,,25.99,31.99
2022/1/10,29.29,132,3866,1531,1044,580,0,711,28.95,29.99,29.99,33.45,,28.95,33.45,,25.99,31.99
2022/1/11,29.19,151,4408,1752,1194,661,0,801,28.95,29.99,29.99,52.24,,28.95,52.24,,25.99,31.99
2022/1/12,28.59,133,3802,1543,1052,570,0,637,28.95,29.99,29.99,52.24,,28.95,52.24,,25.99,31.99
2022/1/13,28.29,119,3367,1380,941,505,0,541,28.95,29.99,29.99,52.24,,28.95,52.24,,25.99,31.99
2022/1/14,28.29,129,3649,1496,1020,547,0,586,28.95,29.99,29.99,52.24,,28.95,52.24,,25.99,31.99
2022/1/15,28.49,47,1339,545,372,201,0,221,28.95,29.99,29.99,52.24,,28.95,52.24,,25.99,31.99
2022/1/16,28.49,22,627,255,174,94,0,104,28.95,29.99,29.99,52.24,,28.95,52.24,,25.99,31.99
2022/1/17,28.49,116,3305,1346,918,496,0,545,28.95,29.99,29.99,52.24,,28.95,52.24,,25.99,31.99
2022/1/18,28.49,103,2934,1195,815,440,0,484,28.95,29.99,29.99,52.24,,28.95,52.24,,25.99,31.99
2022/1/19,28.79,131,3771,1520,1036,566,0,649,28.95,29.99,29.99,52.24,,28.95,52.24,,25.99,31.99
2022/1/20,28.99,123,3566,1427,973,535,0,631,28.95,29.99,29.99,52.24,,28.95,52.24,,25.99,31.99
2022/1/21,28.79,103,2965,1195,815,445,0,510,28.95,29.99,29.99,52.24,,28.95,52.24,,25.99,31.99
2022/1/22,28.49,32,912,371,253,137,0,151,28.95,29.99,29.99,52.24,,28.95,52.24,,25.99,31.99
2022/1/23,28.99,22,638,255,174,96,0,113,28.95,29.99,29.99,52.24,,28.95,52.24,,25.99,31.99
2022/1/24,28.99,123,3566,1427,973,535,0,631,28.95,29.99,29.99,70.84,,28.95,70.84,,25.99,31.99
2022/1/25,28.79,123,3541,1427,973,531,0,610,28.95,29.99,29.99,70.84,,28.95,70.84,,25.99,31.99
2022/1/26,28.99,101,2928,1172,799,439,0,518,28.95,29.99,29.99,70.84,,28.95,70.84,,25.99,31.99
2022/1/27,28.99,111,3218,1288,878,483,0,569,28.95,29.99,29.99,70.84,,28.95,70.84,,25.99,31.99
2022/1/28,28.89,107,3091,1241,846,464,0,540,28.95,29.99,29.99,70.84,,28.95,70.84,,25.99,31.99
2022/1/29,28.99,24,696,278,190,104,0,124,28.95,29.99,29.99,70.84,,28.95,70.84,,25.99,31.99
2022/1/30,28.99,28,812,325,221,122,0,144,28.95,29.99,29.99,70.84,,28.95,70.84,,25.99,31.99
2022/1/31,28.99,80,2319,928,633,348,0,410,29.95,29.99,28.99,50.05,,28.99,50.05,,25.99,31.99
2022/2/1,28.49,126,3590,1462,997,538,0,593,29.95,29.99,28.99,50.05,,28.99,50.05,,25.99,31.99
2022/2/2,28.49,97,2764,1125,767,415,0,457,29.95,29.99,28.99,48,,28.99,48,,25.99,31.99
2022/2/3,28.49,104,2963,1206,823,444,0,490,29.95,29.99,28.99,48,,28.99,48,,25.99,31.99
2022/2/4,28.29,123,3480,1427,973,522,0,558,29.95,29.99,28.99,48,,28.99,48,,25.99,31.99
2022/2/5,28.49,17,484,197,134,73,0,80,29.95,29.99,28.99,48,,28.99,48,,25.99,31.99
2022/2/6,28.49,18,513,209,142,77,0,85,29.95,29.99,28.99,48,,28.99,48,,25.99,31.99
2022/2/7,28.49,84,2393,974,664,359,0,396,29.95,29.99,28.99,42.75,,28.99,42.75,,25.99,31.99
2022/2/8,28.49,99,2821,1148,783,423,0,467,29.95,29.99,28.99,42.75,,28.99,42.75,,25.99,31.99
2022/2/9,28.49,106,3020,1230,838,453,0,499,29.95,29.99,28.99,42.75,,28.99,42.75,,25.99,31.99
2022/2/10,28.49,115,3276,1334,910,491,0,541,29.95,29.99,28.99,42.75,,28.99,42.75,,25.99,31.99
2022/2/11,28.49,100,2849,1160,791,427,0,471,29.95,29.99,28.99,42.75,,28.99,42.75,,25.99,31.99
2022/2/12,28.49,20,570,232,158,86,0,94,29.95,29.99,28.99,42.75,,28.99,42.75,,25.99,31.99
2022/2/13,28.49,20,570,232,158,86,0,94,29.95,29.99,28.99,42.75,,28.99,42.75,,25.99,31.99
2022/2/14,28.49,70,1994,812,554,299,0,329,29.95,29.99,28.99,41.74,,28.99,41.74,,25.99,31.99
2022/2/15,28.49,90,2564,1044,712,385,0,423,29.95,29.99,28.99,41.74,,28.99,41.74,,25.99,31.99
2022/2/16,28.19,98,2763,1137,775,414,0,437,29.95,29.99,28.99,41.74,,28.99,41.74,,25.99,31.99
2022/2/17,27.79,87,2418,1009,688,363,0,358,29.95,29.99,28.99,41.74,,28.99,41.74,,25.99,31.99
2022/2/18,28.49,67,1909,777,530,286,0,316,29.95,29.99,28.99,41.74,,28.99,41.74,,25.99,31.99
2022/2/19,29.89,13,389,151,103,58,0,77,29.95,29.99,28.99,41.74,,28.99,41.74,,25.99,31.99
2022/2/20,29.79,15,447,174,119,67,0,87,29.95,29.99,28.99,41.74,,28.99,41.74,,25.99,31.99
2022/2/21,29.89,52,1554,603,411,233,0,307,29.95,29.99,28.99,29.99,,28.99,29.99,,25.99,31.99
2022/2/22,30.19,77,2325,893,609,349,0,474,29.95,29.99,28.99,29.99,,28.99,29.99,,25.99,31.99
2022/2/23,28.79,93,2677,1079,736,402,0,460,29.95,29.99,28.99,29.99,,28.99,29.99,,25.99,31.99
2022/2/24,29.89,99,2959,1148,783,444,0,584,29.95,29.99,28.99,29.99,,28.99,29.99,,25.99,31.99
2022/2/25,28.49,76,2165,882,601,325,0,357,29.95,29.99,28.99,29.99,,28.99,29.99,,25.99,31.99
2022/2/26,28.89,26,751,302,206,113,0,130,29.95,29.99,28.99,29.99,,28.99,29.99,,25.99,31.99
2022/2/27,29.99,14,420,162,111,63,0,84,29.95,29.99,28.99,29.99,,28.99,29.99,,25.99,31.99
2022/2/28,28.79,75,2159,870,593,324,0,372,29.95,29.99,28.99,29.14,,28.99,29.99,,25.99,31.99
2022/3/1,28.89,93,2687,1079,736,403,0,469,29.95,29.99,28.99,29.14,,28.99,29.99,,25.99,31.99
2022/3/2,28.59,111,3173,1288,878,476,0,531,29.95,29.99,28.99,29.14,,28.99,29.99,,25.99,31.99
2022/3/3,28.49,81,2308,940,641,346,0,381,29.95,29.99,28.99,29.14,,28.99,29.99,,25.99,31.99
2022/3/4,28.79,89,2562,1032,704,384,0,442,29.95,29.99,28.99,29.14,,28.99,29.99,,25.99,31.99
2022/3/5,28.89,18,520,209,142,78,0,91,29.95,29.99,28.99,29.14,,28.99,29.99,,25.99,31.99
2022/3/6,28.89,23,664,267,182,100,0,115,29.95,29.99,28.99,29.14,,28.99,29.99,,25.99,31.99
2022/3/7,28.89,76,2196,882,601,329,0,384,29.95,29.99,28.99,29.14,,28.99,29.99,,25.99,31.99
2022/3/8,28.89,80,2311,928,633,347,0,403,29.95,29.99,28.99,29.14,,28.99,29.99,,25.99,31.99
2022/3/9,28.49,98,2792,1137,775,419,0,461,29.95,29.99,28.99,29.14,,28.99,29.99,,25.99,31.99
2022/3/10,28.49,82,2336,951,649,350,78,308,29.95,29.99,28.99,29.14,,28.99,29.99,,25.99,31.99
2022/3/11,28.79,79,2274,916,625,341,61,331,29.95,29.99,28.99,29.14,,28.99,29.99,,25.99,31.99
2022/3/12,28.89,14,404,162,111,61,27,43,29.95,29.99,28.99,29.14,,28.99,29.99,,25.99,31.99
2022/3/13,28.89,15,433,174,119,65,28,47,29.95,29.99,28.99,29.14,,28.99,29.99,,25.99,31.99
2022/3/14,28.89,83,2398,963,657,360,41,377,29.95,29.99,28.99,29.99,,28.99,29.99,,25.99,31.99
2022/3/15,28.49,95,2707,1102,751,406,98,350,29.95,29.99,28.99,29.99,,28.99,29.99,,25.99,31.99
2022/3/16,28.49,87,2479,1009,688,372,75,335,29.95,29.99,28.99,29.99,,28.99,29.99,,25.99,31.99
2022/3/17,28.89,84,2427,974,664,364,79,346,29.95,29.99,28.99,29.99,,28.99,29.99,,25.99,31.99
2022/3/18,28.79,75,2159,870,593,324,55,317,29.95,29.99,28.99,29.99,,28.99,29.99,,25.99,31.99
2022/3/19,28.89,19,549,220,150,82,20,77,29.95,29.99,28.99,29.99,,28.99,29.99,,25.99,31.99
2022/3/20,28.89,20,578,232,158,87,15,86,29.95,29.99,28.99,29.99,,28.99,29.99,,25.99,31.99
2022/3/21,28.89,98,2831,1137,775,425,79,415,29.95,29.99,28.99,27.99,,27.99,29.99,,25.99,31.99
2022/3/22,28.89,74,2138,858,585,321,58,316,29.95,29.99,28.99,27.99,,27.99,29.99,,25.99,31.99
2022/3/23,28.09,75,2107,870,593,316,69,259,29.95,29.99,28.99,27.99,,27.99,29.99,,25.99,31.99
2022/3/24,28.79,85,2447,986,672,367,56,366,29.95,29.99,28.99,27.99,,27.99,29.99,,25.99,31.99
2022/3/25,28.79,77,2217,893,609,333,42,340,29.95,29.99,28.99,27.99,,27.99,29.99,,25.99,31.99
2022/3/26,28.99,11,319,128,87,48,12,44,29.95,29.99,28.99,27.99,,27.99,29.99,,25.99,31.99
2022/3/27,28.89,11,318,128,87,48,9,46,29.95,29.99,28.99,27.99,,27.99,29.99,,25.99,31.99
2022/3/28,28.79,70,2015,812,554,302,55,292,29.95,29.99,26.99,38.65,,26.99,38.65,,25.99,31.99
2022/3/29,28.79,65,1871,754,514,281,55,267,29.95,29.99,26.99,38.65,,26.99,38.65,,25.99,31.99
2022/3/30,28.89,100,2889,1160,791,433,80,425,29.95,29.99,26.99,38.65,,26.99,38.65,,25.99,31.99
2022/3/31,28.49,79,2251,916,625,338,86,286,29.95,29.99,26.99,38.65,,26.99,38.65,,25.99,31.99
2022/4/1,28.69,91,2611,1056,720,392,53,390,29.95,29.99,26.99,38.65,,26.99,38.65,,25.99,31.99
2022/4/2,28.89,11,318,128,87,48,16,39,29.95,29.99,26.99,38.65,,26.99,38.65,,25.99,31.99
2022/4/3,28.89,14,404,162,111,61,17,53,29.95,29.99,26.99,38.65,,26.99,38.65,,25.99,31.99
2022/4/4,28.89,67,1936,777,530,290,53,286,29.95,29.99,26.99,38.65,,26.99,38.65,,25.99,31.99
2022/4/5,28.79,113,3253,1311,894,488,139,421,29.95,29.99,26.99,38.65,,26.99,38.65,,25.99,31.99
2022/4/6,28.49,75,2137,870,593,321,86,267,29.95,29.99,26.99,38.65,,26.99,38.65,,25.99,31.99
2022/4/7,27.89,109,3040,1264,862,456,76,382,29.95,29.99,26.99,38.65,,26.99,38.65,,25.99,31.99
2022/4/8,27.79,101,2807,1172,799,421,64,351,29.95,29.99,26.99,38.65,,26.99,38.65,,25.99,31.99
2022/4/9,27.79,14,389,162,111,58,20,38,29.95,29.99,26.99,38.65,,26.99,38.65,,25.99,31.99
2022/4/10,27.99,14,392,162,111,59,9,51,29.95,29.99,26.99,38.65,,26.99,38.65,,25.99,31.99
2022/4/11,27.59,90,2483,1044,712,372,67,288,29.95,29.99,26.99,38.65,,26.99,38.65,,25.99,31.99
2022/4/12,27.79,92,2557,1067,728,384,124,254,29.95,29.99,26.99,38.65,,26.99,38.65,,25.99,31.99
2022/4/13,27.79,89,2473,1032,704,371,124,242,29.95,29.99,26.99,38.65,,26.99,38.65,,25.99,31.99
2022/4/14,27.69,102,2824,1183,807,424,73,337,29.95,29.99,26.99,38.65,,26.99,38.65,,25.99,31.99
2022/4/15,27.29,71,1938,824,562,291,47,214,29.95,29.99,26.99,38.65,,26.99,38.65,,25.99,31.99
2022/4/16,27.99,17,476,197,134,71,4,70,29.95,29.99,26.99,38.65,,26.99,38.65,,25.99,31.99
2022/4/17,27.89,12,335,139,95,50,24,27,29.95,29.99,26.99,38.65,,26.99,38.65,,25.99,31.99
2022/4/18,27.49,72,1979,835,570,297,63,214,29.95,29.99,26.99,38.65,,26.99,38.65,2001,25.99,31.99
2022/4/19,27.79,105,2918,1218,831,438,108,323,29.95,29.99,26.99,38.65,,26.99,38.65,2001,25.99,31.99
2022/4/20,27.79,92,2557,1067,728,384,91,287,29.95,29.99,26.99,38.65,,26.99,38.65,2481,25.99,31.99
2022/4/21,27.69,108,2991,1253,854,449,118,317,29.95,29.99,26.99,38.65,,26.99,38.65,2433,25.99,31.99
2022/4/22,27.69,95,2631,1102,751,395,82,301,29.95,29.99,26.99,38.65,,26.99,38.65,2337,25.99,31.99
2022/4/23,27.99,17,476,197,134,71,27,47,29.95,29.99,26.99,38.65,,26.99,38.65,2225,25.99,31.99
2022/4/24,27.99,23,644,267,182,97,17,81,29.95,29.99,26.99,38.65,,26.99,38.65,2145,25.99,31.99
2022/4/25,27.69,85,2354,986,672,353,84,259,29.95,29.99,26.99,38.65,,26.99,38.65,2070,25.99,31.99
2022/4/26,28.79,108,3109,1253,854,466,94,442,29.95,29.99,26.99,38.65,,26.99,38.65,2192,25.99,31.99
2022/4/27,28.79,99,2850,1148,783,428,141,350,29.95,29.99,26.99,38.65,,26.99,38.65,2135,25.99,31.99
2022/4/28,28.49,106,3020,1230,838,453,61,438,29.95,29.99,26.99,38.65,,26.99,38.65,2071,25.99,31.99
2022/4/29,28.79,74,2130,858,585,320,81,286,29.95,29.99,26.99,38.65,,26.99,38.65,1988,25.99,31.99
2022/4/30,28.99,19,551,220,150,83,19,79,29.95,29.99,26.99,38.65,,26.99,38.65,1866,25.99,31.99
2022/5/1,28.89,13,376,151,103,56,16,50,29.95,29.99,26.99,38.65,,26.99,38.65,2317,25.99,31.99
2022/5/2,28.79,107,3081,1241,846,462,86,446,29.95,29.99,26.99,44.86,,26.99,44.86,2278,25.99,31.99
2022/5/3,28.79,88,2534,1021,696,380,95,342,29.95,29.99,26.99,44.86,,26.99,44.86,2229,25.99,31.99
2022/5/4,28.79,125,3599,1450,989,540,99,521,29.95,29.99,26.99,44.86,,26.99,44.86,2181,25.99,31.99
2022/5/5,28.79,109,3138,1264,862,471,153,388,29.95,29.99,26.99,44.86,,26.99,44.86,2117,25.99,31.99
2022/5/6,28.79,68,1958,789,538,294,77,260,29.95,29.99,26.99,44.86,,26.99,44.86,2038,25.99,31.99
2022/5/7,28.89,9,260,104,71,39,15,31,29.95,29.99,26.99,44.86,,26.99,44.86,1931,25.99,31.99
2022/5/8,28.89,16,462,186,127,69,7,73,29.95,29.99,26.99,44.86,,26.99,44.86,2550,25.99,31.99
2022/5/9,27.89,99,2761,1148,783,414,126,290,29.95,29.99,27.99,44.85,,27.99,44.85,2499,25.99,31.99
2022/5/10,28.79,110,3167,1276,870,475,99,447,29.95,29.99,27.99,44.85,,27.99,44.85,2452,25.99,31.99
2022/5/11,28.79,101,2908,1172,799,436,164,337,29.95,29.99,27.99,44.85,,27.99,44.85,2395,25.99,31.99
2022/5/12,28.59,97,2773,1125,767,416,81,384,29.95,29.99,27.99,44.85,,27.99,44.85,2301,25.99,31.99
2022/5/13,28.79,92,2649,1067,728,397,74,383,29.95,29.99,27.99,44.85,,27.99,44.85,2203,25.99,31.99
2022/5/14,28.89,17,491,197,134,74,14,72,29.95,29.99,27.99,44.85,,27.99,44.85,2137,25.99,31.99
2022/5/15,28.89,17,491,197,134,74,15,71,29.95,29.99,27.99,44.85,,27.99,44.85,2595,25.99,31.99
2022/5/16,28.89,102,2947,1183,807,442,78,437,29.95,29.99,28.99,52.55,,28.99,52.55,2528,25.99,31.99
2022/5/17,28.99,116,3363,1346,918,504,131,464,29.95,29.99,28.99,52.55,,28.99,52.55,2665,25.99,31.99
2022/5/18,28.79,118,3397,1369,933,510,73,512,29.95,29.99,28.99,52.55,,28.99,52.55,2613,25.99,31.99
2022/5/19,28.79,99,2850,1148,783,428,92,399,29.95,29.99,28.99,52.55,,28.99,52.55,2547,25.99,31.99
2022/5/20,28.89,91,2629,1056,720,394,45,414,29.95,29.99,28.99,52.55,,28.99,52.55,2448,25.99,31.99
2022/5/21,28.89,13,376,151,103,56,11,55,29.95,29.99,28.99,52.55,,28.99,52.55,2332,25.99,31.99
2022/5/22,28.89,16,462,186,127,69,14,66,29.95,29.99,28.99,52.55,,28.99,52.55,2522,25.99,31.99
2022/5/23,28.79,103,2965,1195,815,445,65,445,29.95,29.99,28.99,52.7,,28.99,52.7,2476,25.99,31.99
2022/5/24,28.79,90,2591,1044,712,389,92,354,29.95,29.99,28.99,52.7,,28.99,52.7,2472,25.99,31.99
2022/5/25,25.69,132,3391,1531,1044,509,139,168,29.95,29.99,28.99,52.7,,28.99,52.7,2410,25.99,31.99
2022/5/26,26.49,103,2728,1195,815,409,115,194,29.95,29.99,28.99,52.7,,28.99,52.7,2341,25.99,31.99
2022/5/27,26.69,75,2002,870,593,300,78,161,29.95,29.99,28.99,52.7,,28.99,52.7,2256,25.99,31.99
2022/5/28,26.89,24,645,278,190,97,5,75,29.95,29.99,28.99,52.7,,28.99,52.7,2148,25.99,31.99
2022/5/29,26.99,18,486,209,142,73,3,59,29.95,29.99,28.99,52.7,,28.99,52.7,2520,25.99,31.99
2022/5/30,26.89,23,618,267,182,93,9,67,29.95,29.99,28.99,52.7,,28.99,52.7,2457,25.99,31.99
2022/5/31,30.19,87,2627,1009,688,394,43,493,29.95,29.99,28.99,52.78,,28.99,52.78,2407,25.99,31.99
2022/6/1,31.39,81,2543,940,641,381,107,474,29.95,29.99,28.99,52.78,,28.99,52.78,2349,25.99,31.99
2022/6/2,30.89,99,3058,1148,783,459,57,611,29.95,29.99,28.99,52.78,,28.99,52.78,2293,25.99,31.99
2022/6/3,30.09,89,2678,1032,704,402,46,494,29.95,29.99,28.99,52.78,,28.99,52.78,2215,25.99,31.99
2022/6/4,29.89,13,389,151,103,58,1,76,29.95,29.99,28.99,52.78,,28.99,52.78,2129,25.99,31.99
2022/6/5,29.89,13,389,151,103,58,6,71,29.95,29.99,28.99,52.78,,28.99,52.78,2080,25.99,31.99
2022/6/6,26.89,89,2393,1032,704,359,39,259,29.95,29.99,28.99,52.78,,28.99,52.78,2028,25.99,31.99
2022/6/7,25.69,113,2903,1311,894,435,86,177,29.95,29.99,28.99,52.78,,28.99,52.78,1947,25.99,31.99
2022/6/8,24.79,129,3198,1496,1020,480,115,87,29.95,29.99,28.99,52.78,,28.99,52.78,1862,25.99,31.99
2022/6/9,24.89,142,3534,1647,1123,530,140,94,29.95,29.99,28.99,52.78,,28.99,52.78,1778,25.99,31.99
2022/6/10,23.79,119,2831,1380,941,425,117,-32,29.95,29.99,28.99,54.98,,28.99,54.98,1652,25.99,31.99
2022/6/11,23.99,19,456,220,150,68,14,4,29.95,29.99,28.99,54.98,,28.99,54.98,2664,25.99,31.99
2022/6/12,23.99,27,648,313,214,97,12,12,29.95,29.99,28.99,54.98,,28.99,54.98,2589,25.99,31.99
2022/6/13,24.79,121,3000,1404,957,450,125,64,29.95,29.99,28.99,54.98,,28.99,54.98,2530,25.99,31.99
2022/6/14,25.79,140,3611,1624,1107,542,138,200,29.95,29.99,28.99,54.98,,28.99,54.98,2585,25.99,31.99
2022/6/15,26.69,122,3256,1415,965,488,118,270,29.95,29.99,28.99,54.98,,28.99,54.98,2491,25.99,31.99
2022/6/16,26.89,122,3281,1415,965,492,145,264,29.95,29.99,28.99,54.98,,28.99,54.98,2341,25.99,31.99
2022/6/17,26.89,101,2716,1172,799,407,61,277,29.95,29.99,28.99,54.98,,28.99,54.98,2232,25.99,31.99
2022/6/18,26.99,21,567,244,166,85,14,58,29.95,29.99,28.99,54.98,,28.99,54.98,2131,25.99,31.99
2022/6/19,26.89,13,350,151,103,52,8,36,29.95,29.99,28.99,54.98,,28.99,54.98,2068,25.99,31.99
2022/6/20,26.89,127,3415,1473,1005,512,70,355,29.95,29.99,28.99,44.78,,28.99,44.78,2011,25.99,31.99
2022/6/21,27.79,87,2418,1009,688,363,89,269,29.95,29.99,28.99,44.78,,28.99,44.78,1961,25.99,31.99
2022/6/22,28.79,95,2735,1102,751,410,67,405,29.95,29.99,28.99,44.78,,28.99,44.78,1859,25.99,31.99
2022/6/23,28.79,105,3023,1218,831,453,74,447,29.95,29.99,28.99,44.78,,28.99,44.78,1755,25.99,31.99
2022/6/24,29.99,88,2639,1021,696,396,44,482,29.95,29.99,28.99,44.78,,28.99,44.78,1665,25.99,31.99
2022/6/25,30.79,9,277,104,71,42,2,58,29.95,29.99,28.99,44.78,,28.99,44.78,1598,25.99,31.99
2022/6/26,30.99,14,434,162,111,65,1,95,29.95,29.99,28.99,44.78,,28.99,44.78,2118,25.99,31.99
2022/6/27,30.79,66,2032,766,522,305,42,397,29.95,29.99,28.99,44.78,,28.99,44.78,2140,25.99,31.99
2022/6/28,30.49,86,2622,998,680,393,58,493,29.95,29.99,28.99,44.78,,28.99,44.78,2085,25.99,31.99
2022/6/29,30.79,81,2494,940,641,374,40,499,29.95,29.99,28.99,44.78,,28.99,44.78,2045,25.99,31.99
2022/6/30,30.69,81,2486,940,641,373,59,473,29.95,29.99,28.99,44.78,,28.99,44.78,2005,25.99,31.99
2022/7/1,30.59,84,2570,974,664,386,46,500,29.95,29.99,28.99,44.78,,28.99,44.78,1919,25.99,31.99
2022/7/2,30.89,9,278,104,71,42,7,54,29.95,29.99,28.99,44.78,,28.99,44.78,1834,25.99,31.99
2022/7/3,30.89,12,371,139,95,56,5,76,29.95,29.99,28.99,44.78,,28.99,44.78,1781,25.99,31.99
2022/7/4,30.89,13,402,151,103,60,3,85,29.95,29.99,28.99,44.78,,28.99,44.78,1689,25.99,31.99
2022/7/5,30.89,94,2904,1090,744,436,76,558,29.95,29.99,28.99,44.78,,28.99,44.78,1411,25.99,31.99
2022/7/6,30.89,96,2965,1114,759,445,73,574,29.95,29.99,28.99,44.78,,28.99,44.78,,25.99,31.99
2022/7/7,30.59,107,3273,1241,846,491,82,613,29.95,29.99,28.99,44.78,,28.99,44.78,1411,25.99,31.99
2022/7/8,30.39,69,2097,800,546,315,29,407,29.95,29.99,28.99,44.78,,28.99,44.78,1364,25.99,31.99
2022/7/9,30.89,15,463,174,119,69,11,90,29.95,29.99,28.99,44.78,,28.99,44.78,1257,25.99,31.99
2022/7/10,29.49,23,678,267,182,102,5,122,29.95,29.99,28.99,44.78,,28.99,44.78,1170,25.99,31.99
2022/7/11,30.59,88,2692,1021,696,404,72,499,29.95,29.99,29.99,44.78,,29.95,44.78,1821,25.99,31.99
2022/7/12,30.79,120,3695,1392,949,554,42,758,29.95,29.99,29.99,44.78,,29.95,44.78,1771,25.99,31.99
2022/7/13,30.79,96,2956,1114,759,443,125,515,29.95,29.99,29.99,44.78,,29.95,44.78,1711,25.99,31.99
2022/7/14,30.49,101,3079,1172,799,462,86,560,29.95,29.99,29.99,44.78,,29.95,44.78,1627,25.99,31.99
2022/7/15,30.19,86,2596,998,680,389,57,472,29.95,29.99,29.99,44.78,,29.95,44.78,1557,25.99,31.99
2022/7/16,30.09,38,1143,441,301,171,13,217,29.95,29.99,29.99,44.78,,29.95,44.78,1669,25.99,31.99
2022/7/17,30.89,11,340,128,87,51,7,67,29.95,29.99,29.99,44.78,,29.95,44.78,1780,25.99,31.99
2022/7/18,30.79,78,2402,905,617,360,86,434,29.95,29.99,29.99,44.78,,29.95,44.78,1722,25.99,31.99
2022/7/19,30.49,119,3628,1380,941,544,71,692,29.95,29.99,29.99,44.78,,29.95,44.78,1600,25.99,31.99
2022/7/20,30.79,85,2617,986,672,393,56,510,29.95,29.99,29.99,44.78,,29.95,44.78,1543,25.99,31.99
2022/7/21,30.39,112,3404,1299,886,511,86,622,29.95,29.99,29.99,44.78,,29.95,44.78,1461,25.99,31.99
2022/7/22,30.79,91,2802,1056,720,420,51,555,29.95,29.99,29.99,44.78,,29.95,44.78,1354,25.99,31.99
2022/7/23,28.49,13,370,151,103,56,5,55,29.95,29.99,29.99,44.78,,29.95,44.78,1279,25.99,31.99
2022/7/24,30.99,9,279,104,71,42,2,60,29.95,29.99,29.99,44.78,,29.95,44.78,1201,25.99,31.99
2022/7/25,30.49,91,2775,1056,720,416,48,535,29.95,30.14,31.99,44.78,,29.95,44.78,1135,25.99,31.99
2022/7/26,30.69,79,2425,916,625,364,62,458,29.95,30.14,31.99,44.78,,29.95,44.78,1296,25.99,31.99
2022/7/27,30.79,71,2186,824,562,328,75,397,29.95,30.14,31.99,44.78,,29.95,44.78,1202,25.99,31.99
2022/7/28,30.89,85,2626,986,672,394,70,504,29.95,30.14,31.99,44.78,,29.95,44.78,1287,25.99,31.99
2022/7/29,30.69,71,2179,824,562,327,45,421,29.95,30.14,31.99,44.78,,29.95,44.78,1225,25.99,31.99
2022/7/30,30.99,16,496,186,127,74,4,105,29.95,30.14,31.99,44.78,,29.95,44.78,1352,25.99,31.99
2022/7/31,30.89,10,309,116,79,46,3,65,29.95,30.14,31.99,44.78,,29.95,44.78,1288,25.99,31.99
2022/8/1,30.79,79,2432,916,625,365,55,471,29.95,29.99,33.99,44.84,,29.95,44.84,1445,25.99,31.99
2022/8/2,30.49,84,2561,974,664,384,37,502,29.95,29.99,33.99,44.84,,29.95,44.84,1698,25.99,31.99
2022/8/3,29.89,106,3168,1230,838,475,73,552,29.95,29.99,33.99,44.84,,29.95,44.84,1680,25.99,31.99
2022/8/4,30.69,86,2639,998,680,396,52,513,29.95,29.99,33.99,44.84,,29.95,44.84,1605,25.99,31.99
2022/8/5,30.59,81,2478,940,641,372,32,493,29.95,29.99,33.99,44.84,,29.95,44.84,1509,25.99,31.99
2022/8/6,30.89,15,463,174,119,69,7,94,29.95,29.99,33.99,44.84,,29.95,44.84,1410,25.99,31.99
2022/8/7,30.89,14,432,162,111,65,4,90,29.95,29.99,33.99,44.84,,29.95,44.84,1340,25.99,31.99
2022/8/8,29.49,94,2772,1090,744,416,68,454,29.95,30.09,34.99,44.77,,29.95,44.77,1853,25.99,31.99
2022/8/9,30.79,89,2740,1032,704,411,43,550,29.95,30.09,34.99,44.77,,29.95,44.77,1788,25.99,31.99
2022/8/10,30.79,94,2894,1090,744,434,40,586,29.95,30.09,34.99,44.77,,29.95,44.77,1742,25.99,31.99
2022/8/11,30.69,84,2578,974,664,387,98,455,29.95,30.09,34.99,44.77,,29.95,44.77,1649,25.99,31.99
2022/8/12,30.39,79,2401,916,625,360,59,441,29.95,30.09,34.99,44.77,,29.95,44.77,1562,25.99,31.99
2022/8/13,30.89,26,803,302,206,120,8,167,29.95,30.09,34.99,44.77,,29.95,44.77,1474,25.99,31.99
2022/8/14,30.99,18,558,209,142,84,3,120,29.95,30.09,34.99,44.77,,29.95,44.77,1372,25.99,31.99
2022/8/15,30.69,96,2946,1114,759,442,54,577,29.95,30.09,34.99,44.77,,29.95,44.77,2270,25.99,31.99
2022/8/16,30.79,79,2432,916,625,365,58,468,29.95,30.09,34.99,44.77,,29.95,44.77,2182,25.99,31.99
2022/8/17,30.79,86,2648,998,680,397,92,481,29.95,30.09,34.99,44.77,,29.95,44.77,2116,25.99,31.99
2022/8/18,30.79,103,3171,1195,815,476,64,621,29.95,30.09,34.99,44.77,,29.95,44.77,2035,25.99,31.99
2022/8/19,30.69,78,2394,905,617,359,74,439,29.95,30.09,34.99,44.77,,29.95,44.77,1946,25.99,31.99
2022/8/20,30.89,26,803,302,206,120,22,153,29.95,30.09,34.99,44.77,,29.95,44.77,1881,25.99,31.99
2022/8/21,30.99,14,434,162,111,65,6,90,29.95,30.09,34.99,44.77,,29.95,44.77,2953,25.99,31.99
2022/8/22,30.29,105,3180,1218,831,477,36,618,29.95,30.09,34.99,44.77,,29.95,44.77,2929,25.99,31.99
2022/8/23,30.79,91,2802,1056,720,420,76,530,29.95,30.09,34.99,44.77,,29.95,44.77,2846,25.99,31.99
2022/8/24,30.49,86,2622,998,680,393,39,512,29.95,29.99,34.99,44.8,,29.95,44.8,2785,25.99,31.99
2022/8/25,30.69,131,4020,1520,1036,603,71,790,29.95,29.99,34.99,44.8,,29.95,44.8,2706,25.99,31.99
2022/8/26,30.79,70,2155,812,554,323,49,417,29.95,29.99,34.99,44.8,,29.95,44.8,2669,25.99,31.99
2022/8/27,30.99,12,372,139,95,56,14,68,29.95,29.99,34.99,44.8,,29.95,44.8,2572,25.99,31.99
2022/8/28,30.69,36,1105,418,285,166,5,231,29.95,29.99,34.99,44.8,,29.95,44.8,2519,25.99,31.99
2022/8/29,30.89,85,2626,986,672,394,66,508,29.95,29.99,34.99,44.8,,29.95,44.8,2482,25.99,31.99
2022/8/30,30.39,85,2583,986,672,387,58,480,29.95,29.99,34.99,44.77,,29.95,44.77,2411,25.99,31.99
2022/8/31,30.79,91,2802,1056,720,420,46,560,29.95,29.99,34.99,44.77,,29.95,44.77,2345,25.99,31.99
2022/9/1,30.49,106,3232,1230,838,485,46,633,29.95,29.99,34.99,44.77,,29.95,44.77,2267,25.99,31.99
2022/9/2,29.99,75,2249,870,593,337,65,384,29.95,29.99,34.99,44.77,,29.95,44.77,2191,25.99,31.99
2022/9/3,30.89,14,432,162,111,65,18,76,29.95,29.99,34.99,44.77,,29.95,44.77,2099,25.99,31.99
2022/9/4,30.79,11,339,128,87,51,4,69,29.95,29.99,34.99,44.77,,29.95,44.77,2035,25.99,31.99
2022/9/5,30.89,26,803,302,206,120,8,167,29.95,29.99,34.99,44.77,,29.95,44.77,1962,25.99,31.99
2022/9/6,30.89,76,2348,882,601,352,86,427,29.95,29.99,34.99,44.77,,29.95,44.77,1966,25.99,31.99
2022/9/7,30.79,85,2617,986,672,393,66,500,29.95,29.99,34.99,44.77,,29.95,44.77,1922,25.99,31.99
2022/9/8,30.79,95,2925,1102,751,439,69,564,29.95,29.99,34.99,44.77,,29.95,44.77,1861,25.99,31.99
2022/9/9,27.09,95,2574,1102,751,386,64,271,29.95,29.99,34.99,44.77,,29.95,44.77,1784,25.99,31.99
2022/9/10,26.79,25,670,290,198,100,11,71,29.95,29.99,34.99,44.77,,29.95,44.77,,25.99,31.99
2022/9/11,26.99,18,486,209,142,73,16,46,29.95,29.99,34.99,44.77,,29.95,44.77,,25.99,31.99
2022/9/12,25.89,140,3625,1624,1107,544,109,241,29.95,29.99,39.99,44.77,,29.95,44.77,,25.99,31.99
2022/9/13,25.69,165,4239,1914,1305,636,123,261,29.95,29.99,39.99,44.77,,29.95,44.77,,25.99,31.99
2022/9/14,28.49,113,3219,1311,894,483,85,446,29.95,29.99,39.99,44.77,,29.95,44.77,,25.99,31.99
2022/9/15,28.79,107,3081,1241,846,462,73,459,29.95,29.99,39.99,44.77,,29.95,44.77,,25.99,31.99
2022/9/16,28.69,100,2869,1160,791,430,70,418,29.95,29.99,39.99,44.77,,29.95,44.77,,25.99,31.99
2022/9/17,28.89,14,404,162,111,61,11,59,29.95,29.99,39.99,44.77,,29.95,44.77,,25.99,31.99
2022/9/18,28.99,16,464,186,127,70,12,69,29.95,29.99,39.99,44.77,,29.95,44.77,,25.99,31.99
2022/9/19,28.79,84,2418,974,664,363,88,329,29.95,29.99,44.99,44.77,,29.95,44.99,,25.99,31.99
2022/9/20,28.79,95,2735,1102,751,410,77,395,29.95,29.99,44.99,44.77,,29.95,44.99,,25.99,31.99
2022/9/21,28.79,105,3023,1218,831,453,84,437,29.95,29.99,44.99,44.77,,29.95,44.99,,25.99,31.99
2022/9/22,28.79,106,3052,1230,838,458,81,445,29.95,29.99,44.99,44.77,,29.95,44.99,,25.99,31.99
2022/9/23,28.79,102,2937,1183,807,441,56,450,29.95,29.99,44.99,44.77,,29.95,44.99,1667,25.99,31.99
2022/9/24,28.99,29,841,336,229,126,17,133,29.95,29.99,44.99,44.77,,29.95,44.99,2014,25.99,31.99
2022/9/25,28.89,20,578,232,158,87,4,97,29.95,29.99,44.99,44.77,,29.95,44.99,1829,25.99,31.99
2022/9/26,28.49,98,2792,1137,775,419,65,396,29.95,29.99,44.99,44.77,,29.95,44.99,1778,25.99,31.99
2022/9/27,28.89,90,2600,1044,712,390,66,388,29.95,29.99,44.99,44.77,,29.95,44.99,1677,25.99,31.99
2022/9/28,28.49,113,3219,1311,894,483,97,434,29.95,29.99,44.99,44.77,,29.95,44.99,1637,25.99,31.99
2022/9/29,29.39,102,2998,1183,807,450,77,481,29.95,29.99,44.99,44.77,,29.95,44.99,1779,25.99,31.99
2022/9/30,30.79,62,1909,719,490,286,31,383,29.95,29.99,44.99,44.77,,29.95,44.99,1695,25.99,31.99
2022/10/1,30.79,12,369,139,95,55,17,63,29.95,29.99,44.99,44.77,,29.95,44.99,1596,25.99,31.99
2022/10/2,30.99,19,589,220,150,88,11,120,29.95,29.99,44.99,44.77,,29.95,44.99,1514,25.99,31.99
2022/10/3,30.49,96,2927,1114,759,439,54,561,29.95,29.99,44.99,70.83,,29.95,70.83,1474,25.99,31.99
2022/10/4,30.69,112,3437,1299,886,516,101,635,29.95,29.99,44.99,70.83,,29.95,70.83,1412,25.99,31.99
2022/10/5,30.69,111,3407,1288,878,511,90,640,29.95,29.99,44.99,70.83,,29.95,70.83,1353,25.99,31.99
2022/10/6,30.79,85,2617,986,672,393,73,493,29.95,29.99,44.99,70.83,,29.95,70.83,1289,25.99,31.99
2022/10/7,30.39,95,2887,1102,751,433,57,544,29.95,29.99,44.99,70.83,,29.95,70.83,1538,25.99,31.99
2022/10/8,30.89,9,278,104,71,42,10,51,29.95,29.99,44.99,70.83,,29.95,70.83,1442,25.99,31.99
2022/10/9,30.89,13,402,151,103,60,1,87,29.95,29.99,44.99,70.83,,29.95,70.83,2270,25.99,31.99
2022/10/10,30.39,73,2218,847,577,333,78,383,29.95,29.99,44.99,70.83,,29.95,70.83,2235,25.99,31.99
2022/10/11,30.89,81,2502,940,641,375,98,448,29.95,29.99,44.99,70.83,,29.95,70.83,2190,25.99,31.99
2022/10/12,30.89,81,2502,940,641,375,110,436,29.95,29.99,44.99,52.01,,29.95,52.01,2097,25.99,31.99
2022/10/13,30.59,118,3610,1369,933,542,110,656,29.95,29.99,44.99,52.01,,29.95,52.01,2025,25.99,31.99
2022/10/14,30.79,97,2987,1125,767,448,56,591,29.95,29.99,44.99,52.01,,29.95,52.01,1969,25.99,31.99
2022/10/15,30.89,20,618,232,158,93,13,122,29.95,29.99,44.99,52.01,,29.95,52.01,1872,25.99,31.99
2022/10/16,30.89,16,494,186,127,74,17,90,29.95,29.99,44.99,52.01,,29.95,52.01,1989,25.99,31.99
2022/10/17,30.19,88,2657,1021,696,399,63,478,29.95,29.99,44.99,52.01,,29.95,52.01,1934,25.99,31.99
2022/10/18,30.39,128,3890,1485,1012,584,93,716,29.95,29.99,44.99,52.01,,29.95,52.01,1861,25.99,31.99
2022/10/19,30.59,120,3671,1392,949,551,56,723,29.95,29.99,44.99,52.01,,29.95,52.01,1798,25.99,31.99
2022/10/20,29.79,118,3515,1369,933,527,71,615,29.95,29.99,44.99,52.01,,29.95,52.01,1719,25.99,31.99
2022/10/21,29.79,57,1698,661,451,255,33,298,29.95,29.99,44.99,52.01,,29.95,52.01,1616,25.99,31.99
2022/10/22,29.89,18,538,209,142,81,12,94,29.95,29.99,44.99,52.01,,29.95,52.01,1493,25.99,31.99
2022/10/23,29.99,13,390,151,103,58,13,65,29.95,29.99,44.99,52.01,,29.95,52.01,1395,25.99,31.99
2022/10/24,29.79,91,2711,1056,720,407,36,492,29.95,29.99,44.99,52.01,,29.95,52.01,1833,25.99,31.99
2022/10/25,29.49,97,2861,1125,767,429,34,506,29.95,29.99,44.99,52.01,,29.95,52.01,1770,25.99,31.99
2022/10/26,29.79,108,3217,1253,854,483,98,529,29.95,29.99,44.99,52.01,,29.95,52.01,1733,25.99,31.99
2022/10/27,29.69,113,3355,1311,894,503,71,576,29.95,29.99,43.99,52.01,,29.95,52.01,1663,25.99,31.99
2022/10/28,29.59,110,3255,1276,870,488,60,561,29.95,29.99,43.99,52.01,,29.95,52.01,2798,25.99,31.99
2022/10/29,29.89,19,568,220,150,85,9,104,29.95,29.99,43.99,52.01,,29.95,52.01,2704,25.99,31.99
2022/10/30,29.99,22,660,255,174,99,11,121,29.95,29.99,43.99,52.01,,29.95,52.01,2484,25.99,31.99
2022/10/31,29.89,84,2511,974,664,377,36,460,29.95,30.08,43.99,52.01,,29.95,52.01,2408,25.99,31.99
2022/11/1,29.89,101,3019,1172,799,453,44,551,29.95,30.08,43.99,52.01,,29.95,52.01,2356,25.99,31.99
2022/11/2,29.69,136,4038,1578,1076,606,103,675,29.95,30.08,43.99,52.01,,29.95,52.01,2290,25.99,31.99
2022/11/3,29.79,103,3068,1195,815,460,67,531,29.95,30.08,43.99,52.01,,29.95,52.01,2207,25.99,31.99
2022/11/4,29.39,75,2204,870,593,331,52,358,29.95,30.08,43.99,52.01,,29.95,52.01,,25.99,31.99
2022/11/5,28.69,24,689,278,190,103,8,110,29.95,30.08,43.99,52.01,,29.95,52.01,2207,25.99,31.99
2022/11/6,29.99,11,330,128,87,50,32,33,29.95,30.08,43.99,52.01,,29.95,52.01,2059,25.99,31.99
2022/11/7,28.99,104,3015,1206,823,452,56,478,29.95,29.99,43.99,53.18,,29.95,53.18,2008,25.99,31.99
2022/11/8,29.49,87,2566,1009,688,385,44,440,29.95,29.99,43.99,53.18,,29.95,53.18,2008,25.99,31.99
2022/11/9,29.79,93,2770,1079,736,416,68,471,29.95,29.99,43.99,53.18,,29.95,53.18,1886,25.99,31.99
2022/11/10,29.79,125,3724,1450,989,559,76,650,29.95,29.99,43.99,53.18,,29.95,53.18,1774,25.99,31.99
2022/11/11,29.79,54,1609,626,427,241,34,281,29.95,29.99,43.99,53.18,,29.95,53.18,1703,25.99,31.99
2022/11/12,29.99,17,510,197,134,76,16,87,29.95,29.99,43.99,53.18,,29.95,53.18,1703,25.99,31.99
2022/11/13,29.89,26,777,302,206,117,21,131,29.95,29.99,43.99,53.18,,29.95,53.18,1585,25.99,31.99
2022/11/14,29.89,81,2421,940,641,363,45,432,29.95,29.99,42.99,53.18,,29.95,53.18,1520,25.99,31.99
2022/11/15,29.89,128,3826,1485,1012,574,59,696,29.95,29.99,42.99,53.18,,29.95,53.18,1446,25.99,31.99
2022/11/16,29.59,119,3521,1380,941,528,70,602,29.95,29.99,42.99,53.18,,29.95,53.18,1446,25.99,31.99
2022/11/17,29.39,104,3057,1206,823,459,66,503,29.95,29.99,42.99,53.18,,29.95,53.18,1446,25.99,31.99
2022/11/18,29.79,70,2085,812,554,313,36,370,29.95,29.99,42.99,53.18,,29.95,53.18,2481,25.99,31.99
2022/11/19,29.89,25,747,290,198,112,6,141,29.95,29.99,42.99,53.18,,29.95,53.18,2390,25.99,31.99
2022/11/20,29.89,18,538,209,142,81,5,101,29.95,29.99,42.99,53.18,,29.95,53.18,2665,25.99,31.99
2022/11/21,29.49,84,2477,974,664,372,15,452,29.95,29.99,42.99,53.18,,29.95,53.18,2618,25.99,31.99
2022/11/22,29.79,81,2413,940,641,362,67,403,29.95,29.99,42.99,53.18,,29.95,53.18,2618,25.99,31.99
2022/11/23,29.39,81,2381,940,641,357,64,379,29.95,29.99,42.99,53.18,,29.95,53.18,2618,25.99,31.99
2022/11/24,29.99,11,330,128,87,50,8,57,29.95,29.99,42.99,53.18,,29.95,53.18,2417,25.99,31.99
2022/11/25,29.89,26,777,302,206,117,3,149,29.95,29.99,42.99,53.18,,29.95,53.18,2303,25.99,31.99
2022/11/26,29.99,12,360,139,95,54,8,64,29.95,29.99,42.99,53.18,,29.95,53.18,2303,25.99,31.99
2022/11/27,29.99,16,480,186,127,72,10,85,29.95,29.99,42.99,53.18,,29.95,53.18,2303,25.99,31.99
2022/11/28,29.79,94,2800,1090,744,420,79,467,29.95,29.99,42.99,41.99,,29.95,42.99,2303,25.99,31.99
2022/11/29,29.69,112,3325,1299,886,499,52,589,29.95,29.99,39.99,53.18,,29.95,53.18,2303,25.99,31.99
2022/11/30,29.79,103,3068,1195,815,460,63,535,29.95,29.99,39.99,53.18,,29.95,53.18,2140,25.99,31.99
2022/12/1,29.79,122,3634,1415,965,545,74,635,29.95,29.99,39.99,53.18,,29.95,53.18,2090,25.99,31.99
2022/12/2,29.49,85,2507,986,672,376,50,423,29.95,29.99,39.99,53.18,,29.95,53.18,2034,25.99,31.99
2022/12/3,29.89,26,777,302,206,117,15,137,29.95,29.99,39.99,53.18,,29.95,53.18,2034,25.99,31.99
2022/12/4,29.99,21,630,244,166,94,11,115,29.95,29.99,39.99,53.18,,29.95,53.18,3320,25.99,31.99
2022/12/5,29.79,106,3158,1230,838,474,59,557,29.95,29.99,39.99,53.18,,29.95,53.18,3228,25.99,31.99
2022/12/6,29.59,110,3255,1276,870,488,46,575,29.95,29.99,39.99,53.5,,29.95,53.5,3100,25.99,31.99
2022/12/7,29.69,111,3296,1288,878,494,62,574,29.95,29.99,39.99,52.71,,29.95,52.71,3017,25.99,31.99
2022/12/8,29.79,91,2711,1056,720,407,57,471,29.95,29.99,39.99,52.73,,29.95,52.73,3017,25.99,31.99
2022/12/9,29.79,90,2681,1044,712,402,38,485,29.95,29.99,39.99,52.73,,29.95,52.73,3017,25.99,31.99
2022/12/10,29.89,12,359,139,95,54,24,47,29.95,29.99,39.99,52.73,,29.95,52.73,3017,25.99,31.99
2022/12/11,29.99,19,570,220,150,86,5,109,29.95,29.99,39.99,52.73,,29.95,52.73,3017,25.99,31.99
2022/12/12,29.49,92,2713,1067,728,407,31,480,29.95,29.99,39.99,52.73,,29.95,52.73,3017,25.99,31.99
2022/12/13,29.49,109,3214,1264,862,482,42,564,29.95,29.99,39.99,52.73,,29.95,52.73,3017,25.99,31.99
2022/12/14,29.39,90,2645,1044,712,397,37,455,29.95,29.99,39.99,52.89,,29.95,52.89,2692,25.99,31.99
2022/12/15,28.59,98,2802,1137,775,420,53,417,29.95,29.99,39.99,52.89,,29.95,52.89,2687,25.99,31.99
2022/12/16,29.79,94,2800,1090,744,420,62,484,29.95,29.99,39.99,52.89,,29.95,52.89,2612,25.99,31.99
2022/12/17,29.89,11,329,128,87,49,7,58,29.95,29.99,39.99,52.89,,29.95,52.89,2535,25.99,31.99
2022/12/18,29.89,20,598,232,158,90,20,98,29.95,29.99,39.99,52.89,,29.95,52.89,2493,25.99,31.99
2022/12/19,29.69,90,2672,1044,712,401,48,467,29.95,29.99,39.99,52.89,,29.95,52.89,2421,25.99,31.99
2022/12/20,29.79,80,2383,928,633,357,36,429,29.95,29.99,39.99,52.89,,29.95,52.89,2353,25.99,31.99
2022/12/21,29.79,88,2622,1021,696,393,58,454,29.95,29.99,37.99,52.89,,29.95,52.89,2344,25.99,31.99
2022/12/22,29.69,83,2464,963,657,370,29,445,29.95,29.99,37.99,52.89,,29.95,52.89,2297,25.99,31.99
2022/12/23,29.29,44,1289,510,348,193,17,221,29.95,29.99,37.99,52.89,,29.95,52.89,2281,25.99,31.99
2022/12/24,29.99,5,150,58,40,22,0,30,29.95,29.99,37.99,52.89,,29.95,52.89,2184,25.99,31.99
2022/12/25,29.99,10,300,116,79,45,0,60,29.95,29.99,37.99,52.89,,29.95,52.89,2147,25.99,31.99
2022/12/26,29.89,37,1106,429,293,166,26,192,29.95,29.99,37.99,52.89,,29.95,52.89,2115,25.99,31.99
2022/12/27,29.69,96,2850,1114,759,428,33,516,29.95,29.99,37.99,52.89,,29.95,52.89,2120,25.99,31.99
2022/12/28,29.69,97,2880,1125,767,432,67,489,29.95,29.99,37.99,52.89,,29.95,52.89,2064,25.99,31.99
2022/12/29,29.89,85,2541,986,672,381,39,463,29.95,29.99,37.99,52.89,,29.95,52.89,2001,25.99,31.99
2022/12/30,29.69,63,1870,731,498,280,25,336,29.95,29.99,37.99,52.89,,29.95,52.89,1919,25.99,31.99
2022/12/31,29.79,8,238,93,63,36,11,35,29.95,29.99,37.99,52.89,,29.95,52.89,1831,25.99,31.99
2023/1/1,29.89,14,418,162,111,63,9,73,29.95,29.99,37.99,52.89,,29.95,52.89,1766,25.99,31.99
2023/1/2,29.79,55,1638,638,435,246,34,285,29.98,39.99,37.99,52.9,,29.98,52.9,1749,25.99,31.99
2023/1/3,29.09,121,3520,1404,957,528,82,549,29.98,39.99,37.99,52.9,,29.98,52.9,1754,25.99,31.99
2023/1/4,29.79,145,4320,1682,1147,648,82,761,29.98,39.99,37.99,52.9,,29.98,52.9,1719,25.99,31.99
2023/1/5,25.29,138,3490,1601,1092,524,90,183,29.98,39.99,37.99,52.9,,29.98,52.9,1676,25.99,31.99
2023/1/6,25.79,99,2553,1148,783,383,83,156,29.98,39.99,37.99,52.9,,29.98,52.9,3745,25.99,31.99
2023/1/8,25.89,20,518,232,158,78,20,30,29.98,39.99,37.99,52.9,,29.98,52.9,3562,25.99,31.99
2023/1/9,25.69,136,3494,1578,1076,524,85,231,29.98,39.99,37.99,52.9,,29.98,52.9,4033,25.99,31.99
2023/1/10,25.59,156,3992,1810,1234,599,93,256,29.98,39.99,37.99,52.9,,29.98,52.9,5031,25.99,31.99
2023/1/11,25.89,120,3107,1392,949,466,84,216,29.98,39.99,37.99,52.9,,29.98,52.9,5056,25.99,31.99
2023/1/12,25.69,96,2466,1114,759,370,103,120,29.98,39.99,37.99,52.9,,29.98,52.9,4922,25.99,31.99
2023/1/13,25.49,79,2014,916,625,302,68,103,29.98,39.99,37.99,53.18,,29.98,53.18,4792,25.99,31.99
2023/1/14,25.89,24,621,278,190,93,20,40,29.98,39.99,37.99,53.18,,29.98,53.18,4662,25.99,31.99
2023/1/15,24.99,27,675,313,214,101,12,35,29.98,39.99,37.99,53.18,,29.98,53.18,4584,25.99,31.99
2023/1/16,26.79,90,2411,1044,712,362,88,205,29.98,39.99,37.99,53.18,,29.98,53.18,4542,25.99,31.99
2023/1/17,26.39,108,2850,1253,854,428,92,223,29.98,39.99,37.99,53.18,,29.98,53.18,4491,25.99,31.99
2023/1/18,31.29,112,3504,1299,886,526,72,721,29.98,39.99,37.99,53.18,,29.98,53.18,4381,25.99,31.99
2023/1/19,31.29,102,3192,1183,807,479,61,662,29.98,39.99,37.99,53.18,,29.98,53.18,4295,25.99,31.99
2023/1/20,29.99,91,2729,1056,720,409,34,510,29.98,39.99,37.99,53.18,,29.98,53.18,4199,25.99,31.99
2023/1/21,31.89,19,606,220,150,91,20,125,29.98,39.99,37.99,53.18,,29.98,53.18,4092,25.99,31.99
2023/1/22,31.89,17,542,197,134,81,6,124,29.98,39.99,37.99,53.18,,29.98,53.18,4012,25.99,31.99
2023/1/23,30.89,70,2162,812,554,324,31,441,29.98,39.99,37.99,53.18,,29.98,53.18,3935,25.99,31.99
2023/1/24,30.39,75,2279,870,593,342,59,415,29.98,39.99,37.99,53.18,,29.98,53.18,3861,25.99,31.99
2023/1/25,28.79,82,2361,951,649,354,60,347,29.98,39.99,37.99,53.18,,29.98,53.18,3806,25.99,31.99
2023/1/26,28.49,130,3704,1508,1028,556,83,529,29.98,39.99,37.99,53.18,,29.98,53.18,3741,25.99,31.99
2023/1/27,28.79,91,2620,1056,720,393,38,413,29.98,39.99,37.99,53.18,,29.98,53.18,3652,25.99,31.99
2023/1/28,28.89,21,607,244,166,91,15,91,29.98,39.99,37.99,53.18,,29.98,53.18,5362,25.99,31.99
2023/1/29,28.79,11,317,128,87,48,5,49,29.98,39.99,37.99,53.18,,29.98,53.18,5267,25.99,31.99
2023/1/30,28.79,94,2706,1090,744,406,70,396,29.98,39.99,37.99,53.18,,29.98,53.18,5195,25.99,31.99
2023/1/31,28.49,115,3276,1334,910,491,73,468,29.98,39.99,37.99,53.18,,29.98,53.18,5121,25.99,31.99
2023/2/1,27.09,105,2844,1218,831,427,82,286,29.98,39.99,37.99,53.18,,29.98,53.18,5073,25.99,31.99
2023/2/2,27.09,105,2844,1218,831,427,42,326,29.98,39.99,37.99,53.18,,29.98,53.18,4978,25.99,31.99
2023/2/3,27.09,105,2844,1218,831,427,37,331,29.98,39.99,34.99,53.18,,29.98,53.18,4873,25.99,31.99
2023/2/4,27.09,105,2844,1218,831,427,19,349,29.98,39.99,34.99,53.18,,29.98,53.18,4771,25.99,31.99
2023/2/5,27.09,105,2844,1218,831,427,3,365,29.98,39.99,34.99,53.18,,29.98,53.18,4694,25.99,31.99
2023/2/6,27.09,105,2844,1218,831,427,38,330,29.98,39.99,34.99,53.18,,29.98,53.18,4138,25.99,31.99
2023/2/7,28.79,72,2073,835,570,311,53,304,29.98,39.99,34.99,53.18,,29.98,53.18,4074,25.99,31.99
2023/2/8,28.79,91,2620,1056,720,393,51,400,29.98,39.99,34.99,53.18,,29.98,53.18,4027,25.99,31.99
2023/2/9,28.89,69,1993,800,546,299,61,287,29.98,39.99,34.99,53.18,,29.98,53.18,4444,25.99,31.99
2023/2/10,28.79,75,2159,870,593,324,38,334,29.98,39.99,29.99,53.18,,29.98,53.18,4383,25.99,31.99
2023/2/11,28.99,19,551,220,150,83,2,96,29.98,39.99,29.99,53.18,,29.98,53.18,4302,25.99,31.99
2023/2/12,28.99,17,493,197,134,74,6,82,29.98,39.99,29.99,53.18,,29.98,53.18,4243,25.99,31.99
2023/2/13,28.89,88,2542,1021,696,381,25,419,29.98,39.99,29.99,53.18,,29.98,53.18,4187,25.99,31.99
2023/2/14,28.89,87,2513,1009,688,377,37,402,29.98,39.99,29.99,53.18,,29.98,53.18,4147,25.99,31.99
2023/2/15,28.79,87,2505,1009,688,376,83,349,29.98,39.99,29.99,53.18,,29.98,53.18,3752,25.99,31.99
2023/2/16,28.79,82,2361,951,649,354,44,363,29.98,39.99,29.99,53.18,,29.98,53.18,3752,25.99,31.99
2023/2/17,28.79,62,1785,719,490,268,46,262,29.98,39.99,29.99,53.18,,29.98,53.18,3752,25.99,31.99
2023/2/18,28.99,13,377,151,103,57,13,53,29.98,39.99,29.99,53.18,,29.98,53.18,3752,25.99,31.99
2023/2/19,28.89,10,289,116,79,43,9,42,29.98,39.99,29.99,53.18,,29.98,53.18,4154,25.99,31.99
2023/2/20,28.79,78,2246,905,617,337,30,357,29.98,39.99,29.99,53.18,,29.98,53.18,4154,25.99,31.99
2023/2/21,28.79,63,1814,731,498,272,41,272,29.98,39.99,29.99,53.18,,29.98,53.18,4154,25.99,31.99
2023/2/22,28.39,64,1817,742,506,273,55,241,29.98,39.99,29.99,53.18,,29.98,53.18,4154,25.99,31.99
2023/2/23,28.49,84,2393,974,664,359,36,360,29.98,39.99,29.99,53.18,,29.98,53.18,4154,25.99,31.99
2023/2/24,28.29,76,2150,882,601,322,47,298,29.98,39.99,29.99,53.18,,29.98,53.18,4154,25.99,31.99
2023/2/25,28.89,16,462,186,127,69,4,76,29.98,39.99,29.99,53.18,,29.98,53.18,3807,25.99,31.99
2023/2/26,28.79,10,288,116,79,43,14,36,29.98,39.99,29.99,53.18,,29.98,53.18,3776,25.99,31.99
2023/2/27,28.59,70,2001,812,554,300,54,281,29.98,39.99,29.99,53.18,,29.98,53.18,3719,25.99,31.99
2023/2/28,28.79,93,2677,1079,736,402,71,389,29.98,39.99,29.99,53.18,,29.98,53.18,3655,25.99,31.99
2023/3/1,28.79,90,2591,1044,712,389,68,378,29.98,39.99,29.99,53.18,,29.98,53.18,3577,25.99,31.99
2023/3/2,28.79,98,2821,1137,775,423,48,438,29.98,39.99,29.99,53.18,,29.98,53.18,3516,25.99,31.99
2023/3/3,28.39,102,2896,1183,807,434,60,412,29.98,39.99,29.99,53.18,,29.98,53.18,3428,25.99,31.99
2023/3/4,28.89,19,549,220,150,82,23,74,29.98,39.99,29.99,53.18,,29.98,53.18,3335,25.99,31.99
2023/3/5,28.79,8,230,93,63,34,13,27,29.98,39.99,29.99,53.18,,29.98,53.18,3303,25.99,31.99
2023/3/6,27.89,81,2259,940,641,339,34,305,29.98,39.99,29.99,53.18,,29.98,53.18,3236,25.99,31.99
2023/3/7,28.79,92,2649,1067,728,397,27,430,29.98,39.99,29.99,53.18,,29.98,53.18,3199,25.99,31.99
2023/3/8,28.79,91,2620,1056,720,393,53,398,29.98,39.99,29.99,53.18,,29.98,53.18,3114,25.99,31.99
2023/3/9,28.89,81,2340,940,641,351,37,371,29.98,39.99,29.99,53.18,,29.98,53.18,3030,25.99,31.99
2023/3/10,28.79,75,2159,870,593,324,47,325,29.98,38.15,29.99,53.18,,29.98,53.18,2966,25.99,31.99
2023/3/11,28.89,17,491,197,134,74,7,79,29.98,38.15,29.99,53.18,,29.98,53.18,3616,25.99,31.99
2023/3/12,28.99,13,377,151,103,57,4,62,29.98,38.15,29.99,53.18,,29.98,53.18,3575,25.99,31.99
2023/3/13,28.79,69,1987,800,546,298,40,303,29.98,38.15,29.99,53.18,,29.98,53.18,4217,25.99,31.99
2023/3/14,28.09,88,2472,1021,696,371,43,341,29.98,38.15,29.99,53.18,,29.98,53.18,4155,25.99,31.99
2023/3/15,28.79,85,2447,986,672,367,54,368,29.98,38.15,29.99,53.18,,29.98,53.18,4085,25.99,31.99
2023/3/16,28.89,88,2542,1021,696,381,69,375,29.98,38.15,29.99,53.18,,29.98,53.18,3999,25.99,31.99
2023/3/17,28.79,67,1929,777,530,289,26,307,29.98,39.99,29.99,53.18,,29.98,53.18,3910,25.99,31.99
2023/3/18,28.89,13,376,151,103,56,5,61,29.98,39.99,29.99,53.18,,29.98,53.18,3872,25.99,31.99
2023/3/19,28.89,9,260,104,71,39,1,45,29.98,39.99,29.99,53.18,,29.98,53.18,3819,25.99,31.99
2023/3/20,28.39,62,1760,719,490,264,30,257,29.98,39.99,29.99,53.18,,29.98,53.18,3791,25.99,31.99
2023/3/21,28.69,85,2439,986,672,366,30,385,29.98,39.99,29.99,53.18,,29.98,53.18,3740,25.99,31.99
2023/3/22,28.89,87,2513,1009,688,377,47,392,29.98,39.99,29.99,53.18,,29.98,53.18,3691,25.99,31.99
2023/3/23,28.39,89,2527,1032,704,379,18,394,29.98,39.99,29.99,53.18,,29.98,53.18,3604,25.99,31.99
2023/3/24,28.59,77,2201,893,609,330,39,330,29.98,29.98,29.99,53.18,,29.98,53.18,3534,25.99,31.99
2023/3/25,28.39,19,539,220,150,81,10,78,29.98,29.98,29.99,53.18,,29.98,53.18,3460,25.99,31.99
2023/3/26,28.89,14,404,162,111,61,7,63,29.98,29.98,29.99,53.18,,29.98,53.18,3403,25.99,31.99
2023/3/27,27.89,81,2259,940,641,339,14,325,29.98,29.98,29.99,53.18,,29.98,53.18,3336,25.99,31.99
2023/3/28,28.79,62,1785,719,490,268,37,271,29.98,29.98,29.99,53.18,,29.98,53.18,3313,25.99,31.99
2023/3/29,28.79,68,1958,789,538,294,18,319,29.98,29.98,29.99,53.18,,29.98,53.18,3285,25.99,31.99
2023/3/30,28.79,81,2332,940,641,350,19,382,29.98,29.98,29.99,53.18,,29.98,53.18,3213,25.99,31.99
2023/3/31,28.79,70,2015,812,554,302,9,338,29.98,29.98,29.99,53.18,,29.98,53.18,3133,25.99,31.99
2023/4/1,27.19,17,462,197,134,69,8,54,29.98,29.98,29.99,53.18,,29.98,53.18,3091,25.99,31.99
2023/4/2,28.99,8,232,93,63,35,0,41,29.98,29.98,29.99,53.18,,29.98,53.18,3048,25.99,31.99
2023/4/3,28.59,84,2402,974,664,360,21,383,29.98,29.98,29.99,53.18,,29.98,53.18,3002,25.99,31.99
2023/4/4,28.89,81,2340,940,641,351,28,380,29.98,29.98,29.99,53.18,,29.98,53.18,2958,25.99,31.99
2023/4/5,28.79,64,1843,742,506,276,37,282,29.98,29.98,29.99,53.18,,29.98,53.18,3152,25.99,31.99
2023/4/6,28.79,78,2246,905,617,337,33,354,29.98,29.98,29.99,53.18,,29.98,53.18,3092,25.99,31.99
2023/4/7,28.69,59,1693,684,467,254,20,268,29.98,29.98,27.99,53.18,,27.99,53.18,3049,25.99,31.99
2023/4/8,28.89,18,520,209,142,78,11,80,29.98,29.98,27.99,53.18,,27.99,53.18,3414,25.99,31.99
2023/4/9,28.89,9,260,104,71,39,0,46,29.98,29.98,27.99,53.18,,27.99,53.18,3394,25.99,31.99
2023/4/10,28.79,47,1353,545,372,203,20,213,29.98,29.98,27.99,53.18,,27.99,53.18,3843,25.99,31.99
2023/4/11,28.79,82,2361,951,649,354,30,377,29.98,29.98,27.99,53.18,,27.99,53.18,3788,25.99,31.99
2023/4/12,28.79,86,2476,998,680,371,57,370,29.98,29.98,27.99,53.18,,27.99,53.18,3739,25.99,31.99
2023/4/13,28.79,70,2015,812,554,302,36,311,29.98,29.98,27.99,53.18,,27.99,53.18,3683,25.99,31.99
2023/4/14,28.89,66,1907,766,522,286,34,299,29.98,29.98,24.99,52.63,,24.99,52.63,3602,25.99,31.99
2023/4/15,28.89,13,376,151,103,56,6,60,29.98,29.98,24.99,52.63,,24.99,52.63,3551,25.99,31.99
2023/4/16,28.99,12,348,139,95,52,0,62,29.98,29.98,24.99,52.63,,24.99,52.63,3530,25.99,31.99
2023/4/17,28.89,76,2196,882,601,329,22,362,29.98,29.98,24.99,52.63,,24.99,52.63,3837,25.99,31.99
2023/4/18,28.79,85,2447,986,672,367,44,378,29.98,29.98,24.99,52.63,,24.99,52.63,3797,25.99,31.99
2023/4/19,28.69,68,1951,789,538,293,29,302,29.98,29.98,24.99,52.63,,24.99,52.63,3714,25.99,31.99
2023/4/20,28.79,84,2418,974,664,363,24,393,29.98,29.98,24.99,52.63,,24.99,52.63,3637,25.99,31.99
2023/4/21,28.79,60,1727,696,475,259,16,281,29.98,29.98,24.99,52.63,,24.99,52.63,3541,25.99,31.99
2023/4/22,28.89,12,347,139,95,52,3,58,29.98,29.98,24.99,52.63,,24.99,52.63,3483,25.99,31.99
2023/4/23,28.79,6,173,70,47,26,5,25,29.98,29.98,24.99,52.63,,24.99,52.63,3473,25.99,31.99
2023/4/24,27.59,68,1876,789,538,281,6,262,29.98,29.98,24.99,52.63,,24.99,52.63,3596,25.99,31.99
2023/4/25,28.79,69,1987,800,546,298,31,312,29.98,29.98,24.99,52.63,,24.99,52.63,3537,25.99,31.99
2023/4/26,28.79,71,2044,824,562,307,18,333,29.98,29.98,24.99,52.63,,24.99,52.63,3155,25.99,31.99
2023/4/27,28.79,98,2821,1137,775,423,39,447,29.98,29.98,24.99,52.63,,24.99,52.63,3128,25.99,31.99
2023/4/28,28.29,67,1895,777,530,284,18,286,29.98,29.98,24.99,53.18,,24.99,53.18,3358,25.99,31.99
2023/4/29,28.89,9,260,104,71,39,9,37,29.98,29.98,24.99,53.18,,24.99,53.18,3307,25.99,31.99
2023/4/30,28.89,15,433,174,119,65,11,64,29.98,29.98,24.99,53.18,,24.99,53.18,3655,25.99,31.99
2023/5/1,28.69,67,1922,777,530,288,28,299,29.98,29.98,24.99,53.18,,24.99,53.18,3613,25.99,31.99
2023/5/2,28.69,99,2840,1148,783,426,64,419,29.98,29.98,24.99,53.18,,24.99,53.18,3567,25.99,31.99
2023/5/3,28.79,101,2908,1172,799,436,33,468,29.98,29.98,24.99,53.18,,24.99,53.18,3503,25.99,31.99
2023/5/4,28.59,82,2344,951,649,352,10,382,29.98,29.98,24.99,53.18,,24.99,53.18,3393,25.99,31.99
2023/5/5,28.79,61,1756,708,483,263,18,284,29.98,29.98,24.99,53.18,,24.99,53.18,3308,25.99,31.99
2023/5/6,28.89,14,404,162,111,61,6,64,29.98,29.98,24.99,53.18,,24.99,53.18,3251,25.99,31.99
2023/5/7,28.99,4,116,46,32,17,0,21,29.98,29.98,24.99,53.18,,24.99,53.18,3233,25.99,31.99
2023/5/8,28.79,52,1497,603,411,225,9,249,29.98,29.98,24.99,53.18,,24.99,53.18,3675,25.99,31.99
2023/5/9,28.79,68,1958,789,538,294,20,317,29.98,29.98,24.99,53.18,,24.99,53.18,3629,25.99,31.99
2023/5/10,28.79,83,2390,963,657,358,21,391,29.98,29.98,24.99,53.18,,24.99,53.18,3598,25.99,31.99
2023/5/11,28.79,85,2447,986,672,367,10,412,29.98,29.98,24.99,53.18,,24.99,53.18,3682,25.99,31.99
2023/5/12,28.79,64,1843,742,506,276,15,304,29.98,29.98,24.99,53.18,,24.99,53.18,4157,25.99,31.99
2023/5/13,28.99,17,493,197,134,74,1,87,29.98,29.98,24.99,53.18,,24.99,53.18,4094,25.99,31.99
2023/5/14,28.99,9,261,104,71,39,5,42,29.98,29.98,24.99,53.18,,24.99,53.18,4060,25.99,31.99
2023/5/15,28.79,54,1555,626,427,233,15,254,29.98,29.98,24.99,53.18,,24.99,53.18,3853,25.99,31.99
2023/5/16,28.79,77,2217,893,609,333,21,361,29.98,29.98,24.99,53.18,,24.99,53.18,3802,25.99,31.99
2023/5/17,28.39,88,2498,1021,696,375,40,366,29.98,29.98,24.99,53.18,,24.99,53.18,3739,25.99,31.99
2023/5/18,26.79,69,1849,800,546,277,18,208,29.98,29.98,24.99,53.18,,24.99,53.18,3663,25.99,31.99
2023/5/19,26.79,48,1286,557,380,193,25,131,29.98,29.98,24.99,53.18,,24.99,53.18,3603,25.99,31.99
2023/5/20,26.89,7,188,81,55,28,6,18,29.98,29.98,24.99,53.18,,24.99,53.18,3561,25.99,31.99
2023/5/21,26.99,14,378,162,111,57,0,48,29.98,29.98,24.99,53.18,,24.99,53.18,3537,25.99,31.99
2023/5/22,26.49,86,2278,998,680,342,37,221,29.98,29.98,24.99,53.18,,24.99,53.18,3506,25.99,31.99
2023/5/23,26.79,75,2009,870,593,301,41,204,29.98,29.98,24.99,53.18,,24.99,53.18,3457,25.99,31.99
2023/5/24,26.79,43,1152,499,340,173,5,135,29.98,29.98,24.99,53.18,,24.99,53.18,3405,25.99,31.99
2023/5/25,26.89,85,2286,986,672,343,25,260,29.98,29.98,24.99,53.18,,24.99,53.18,3315,25.99,31.99
2023/5/26,26.89,44,1183,510,348,177,19,129,29.98,29.98,24.99,53.18,,24.99,53.18,3265,25.99,31.99
2023/5/27,26.89,11,296,128,87,44,1,36,29.98,29.98,24.99,53.18,,24.99,53.18,3215,25.99,31.99
2023/5/28,26.99,14,378,162,111,57,8,40,29.98,29.98,24.99,53.18,,24.99,53.18,3193,25.99,31.99
2023/5/29,26.89,19,511,220,150,77,0,64,29.98,29.98,24.99,53.18,,24.99,53.18,3171,25.99,31.99
2023/5/30,26.69,117,3123,1357,925,468,21,352,29.98,29.98,24.99,53.18,,24.99,53.18,3126,25.99,31.99
2023/5/31,26.59,91,2420,1056,720,363,24,257,29.98,29.98,24.99,53.18,,24.99,53.18,3070,25.99,31.99
2023/6/1,26.79,102,2733,1183,807,410,49,284,29.98,29.98,24.99,53.18,,24.99,53.18,2979,25.99,31.99
2023/6/2,26.89,75,2017,870,593,303,27,224,29.98,29.98,24.99,53.18,,24.99,53.18,2903,25.99,31.99
2023/6/3,26.49,11,291,128,87,44,13,19,29.98,29.98,24.99,53.18,,24.99,53.18,2830,25.99,31.99
2023/6/4,26.99,15,405,174,119,61,0,51,29.98,29.98,24.99,53.18,,24.99,53.18,2784,25.99,31.99
2023/6/5,26.79,99,2652,1148,783,398,19,304,29.98,29.98,24.99,53.18,,24.99,53.18,2727,25.99,31.99
2023/6/6,26.89,75,2017,870,593,303,79,172,29.98,29.98,24.99,53.18,,24.99,53.18,2665,25.99,31.99
2023/6/7,26.49,71,1881,824,562,282,68,145,29.98,29.98,24.99,53.18,,24.99,53.18,2583,25.99,31.99
2023/6/8,26.79,73,1956,847,577,293,71,168,29.98,29.98,24.99,53.18,,24.99,53.18,3139,25.99,31.99
2023/6/9,26.89,88,2366,1021,696,355,81,213,29.98,29.98,25.99,53.18,,25.99,53.18,3081,25.99,31.99
2023/6/10,26.89,11,296,128,87,44,41,-4,29.98,29.98,25.99,53.18,,25.99,53.18,3008,25.99,31.99
2023/6/11,26.89,11,296,128,87,44,42,-5,29.98,29.98,25.99,53.18,,25.99,53.18,2986,25.99,31.99
2023/6/12,25.79,85,2192,986,672,329,79,126,29.98,29.98,25.99,53.18,,25.99,53.18,2917,25.99,31.99
2023/6/13,26.79,87,2331,1009,688,350,86,198,29.98,29.98,25.99,53.18,,25.99,53.18,2866,25.99,31.99
2023/6/14,26.79,76,2036,882,601,305,133,115,29.98,29.98,25.99,53.18,,25.99,53.18,2793,25.99,31.99
2023/6/15,26.79,84,2250,974,664,338,14,260,29.98,29.98,25.99,53.18,,25.99,53.18,2735,25.99,31.99
2023/6/16,26.79,81,2170,940,641,326,134,129,29.98,29.98,27.99,53.18,,27.99,53.18,2646,25.99,31.99
2023/6/17,26.89,23,618,267,182,93,121,-45,29.98,29.98,27.99,53.18,,27.99,53.18,2594,25.99,31.99
2023/6/18,26.89,13,350,151,103,52,83,-39,29.98,29.98,27.99,53.18,,27.99,53.18,2587,25.99,31.99
2023/6/19,26.59,87,2313,1009,688,347,141,128,29.98,29.98,27.99,53.18,,27.99,53.18,3044,25.99,31.99
2023/6/20,26.79,77,2063,893,609,309,131,121,29.98,29.98,27.99,53.18,,27.99,53.18,2980,25.99,31.99
2023/6/21,26.29,105,2760,1218,831,414,174,123,29.98,29.98,27.99,53.18,,27.99,53.18,2896,25.99,31.99
2023/6/22,26.79,94,2518,1090,744,378,140,166,29.98,29.98,27.99,53.18,,27.99,53.18,2820,25.99,31.99
2023/6/23,26.89,84,2259,974,664,339,107,175,29.98,29.98,29.99,53.18,,29.98,53.18,2731,25.99,31.99
2023/6/24,26.89,15,403,174,119,60,55,-5,29.98,29.98,29.99,53.18,,29.98,53.18,2660,25.99,31.99
2023/6/25,26.89,13,350,151,103,52,86,-42,29.98,29.98,29.99,53.18,,29.98,53.18,2624,25.99,31.99
2023/6/26,26.79,75,2009,870,593,301,151,94,29.98,29.98,29.99,53.18,,29.98,53.18,2545,25.99,31.99
2023/6/27,26.79,76,2036,882,601,305,157,91,29.98,29.98,29.99,53.18,,29.98,53.18,2498,25.99,31.99
2023/6/28,26.89,107,2877,1241,846,432,125,233,29.98,29.98,29.99,53.18,,29.98,53.18,2433,25.99,31.99
2023/6/29,26.89,78,2097,905,617,315,123,137,29.98,29.98,29.99,53.18,,29.98,53.18,2337,25.99,31.99
2023/6/30,26.49,64,1695,742,506,254,124,69,29.98,29.98,29.99,53.18,,29.98,53.18,2224,25.99,31.99
2023/7/1,26.89,13,350,151,103,52,89,-45,29.98,29.98,29.99,53.18,,29.98,53.18,2153,25.99,31.99
2023/7/2,26.89,13,350,151,103,52,103,-59,29.98,29.98,29.99,53.18,,29.98,53.18,2126,25.99,31.99
2023/7/3,26.79,44,1179,510,348,177,88,56,29.98,29.98,29.99,53.18,,29.98,53.18,2074,25.99,31.99
2023/7/4,26.49,21,556,244,166,83,61,2,29.98,29.98,29.99,53.18,,29.98,53.18,2047,25.99,31.99
2023/7/5,25.59,87,2226,1009,688,334,140,55,29.98,29.98,29.99,53.18,,29.98,53.18,2015,25.99,31.99
2023/7/6,26.89,82,2205,951,649,331,116,158,29.98,29.98,29.99,53.18,,29.98,53.18,1988,25.99,31.99
2023/7/7,26.79,100,2679,1160,791,402,95,231,29.98,29.98,27.99,53.18,,27.99,53.18,1895,25.99,31.99
2023/7/8,26.99,17,459,197,134,69,79,-20,29.98,29.98,27.99,53.18,,27.99,53.18,1857,25.99,31.99
2023/7/9,26.89,20,538,232,158,81,118,-51,29.98,29.98,27.99,53.18,,27.99,53.18,3092,25.99,31.99
2023/7/10,26.49,83,2199,963,657,330,95,154,29.98,29.98,27.99,53.18,,27.99,53.18,3023,25.99,31.99
2023/7/11,26.79,100,2679,1160,791,402,118,208,29.98,29.98,27.99,53.18,,27.99,53.18,2970,25.99,31.99
2023/7/12,26.79,102,2733,1183,807,410,109,224,29.98,29.98,27.99,53.18,,27.99,53.18,2947,25.99,31.99
2023/7/13,26.79,77,2063,893,609,309,235,17,29.98,29.98,27.99,53.18,,27.99,53.18,2890,25.99,31.99
2023/7/14,26.69,88,2349,1021,696,352,212,68,29.98,29.98,27.99,51.34,,27.99,51.34,2835,25.99,31.99
2023/7/15,26.89,10,269,116,79,40,120,-86,29.98,29.98,27.99,51.34,,27.99,51.34,2762,25.99,31.99
2023/7/16,26.89,16,430,186,127,64,114,-61,29.98,29.98,27.99,51.34,,27.99,51.34,2741,25.99,31.99
2023/7/17,26.79,84,2250,974,664,338,250,24,29.98,29.98,27.99,51.34,,27.99,51.34,3184,25.99,31.99
2023/7/18,26.49,71,1881,824,562,282,243,-30,29.98,29.98,27.99,51.34,,27.99,51.34,3121,25.99,31.99
2023/7/19,26.89,100,2689,1160,791,403,293,42,29.98,29.98,27.99,51.34,,27.99,51.34,3030,25.99,31.99
2023/7/20,26.79,80,2143,928,633,321,362,-101,29.98,29.98,27.99,51.34,,27.99,51.34,2938,25.99,31.99
2023/7/21,26.89,67,1802,777,530,270,237,-12,29.98,29.98,27.99,50.79,,27.99,50.79,2843,25.99,31.99
2023/7/22,26.89,11,296,128,87,44,42,-5,29.98,29.98,27.99,50.79,,27.99,50.79,2772,25.99,31.99
2023/7/23,26.89,12,323,139,95,48,30,11,29.98,29.98,27.99,50.79,,27.99,50.79,2717,25.99,31.99
2023/7/24,26.79,93,2491,1079,736,374,102,200,29.98,29.98,27.99,50.79,,27.99,50.79,2668,25.99,31.99
2023/7/25,26.79,96,2572,1114,759,386,145,168,29.98,29.98,27.99,50.79,,27.99,50.79,2609,25.99,31.99
2023/7/26,26.29,91,2392,1056,720,359,87,170,29.98,29.98,27.99,50.79,,27.99,50.79,2368,25.99,31.99
2023/7/27,27.59,71,1959,824,562,294,114,165,29.98,29.98,27.99,50.79,,27.99,50.79,2282,25.99,31.99
2023/7/28,27.69,69,1911,800,546,287,101,177,29.98,29.98,27.99,50.79,,27.99,50.79,2208,25.99,31.99
2023/7/29,27.89,27,753,313,214,113,100,13,29.98,29.98,27.99,50.79,,27.99,50.79,2150,25.99,31.99
2023/7/30,27.89,13,363,151,103,54,94,-39,29.98,29.98,27.99,50.79,,27.99,50.79,2105,25.99,31.99
2023/7/31,27.79,68,1890,789,538,284,69,210,29.98,29.98,27.99,50.79,,27.99,50.79,1843,25.99,31.99
2023/8/1,27.69,91,2520,1056,720,378,173,193,29.98,29.98,27.99,50.79,,27.99,50.79,1805,25.99,31.99
2023/8/2,27.69,119,3295,1380,941,494,221,259,29.98,29.98,27.99,50.79,,27.99,50.79,1907,25.99,31.99
2023/8/3,27.79,95,2640,1102,751,396,164,227,29.98,29.98,27.99,50.79,,27.99,50.79,1813,25.99,31.99
2023/8/4,27.69,86,2381,998,680,357,174,172,29.98,30.08,27.99,50.79,,27.99,50.79,1712,25.99,31.99
2023/8/5,27.89,21,586,244,166,88,89,-1,29.98,30.08,27.99,50.79,,27.99,50.79,1635,25.99,31.99
2023/8/6,27.89,14,390,162,111,58,91,-32,29.98,30.08,27.99,50.79,,27.99,50.79,1611,25.99,31.99
2023/8/7,27.69,77,2132,893,609,320,162,148,29.98,30.08,27.99,50.79,,27.99,50.79,2985,25.99,31.99
2023/8/8,27.79,92,2557,1067,728,384,216,162,29.98,30.08,27.99,50.79,,27.99,50.79,2941,25.99,31.99
2023/8/9,27.79,118,3279,1369,933,492,179,306,29.98,30.08,27.99,50.79,,27.99,50.79,2859,25.99,31.99
2023/8/10,27.39,98,2684,1137,775,403,235,134,29.98,30.08,27.99,50.79,,27.99,50.79,2770,25.99,31.99
2023/8/11,27.79,58,1612,673,459,242,163,75,29.98,29.98,27.99,50.79,,27.99,50.79,2648,25.99,31.99
2023/8/12,27.99,15,420,174,119,63,63,1,29.98,29.98,27.99,50.79,,27.99,50.79,2588,25.99,31.99
2023/8/13,27.89,23,641,267,182,96,96,0,29.98,29.98,27.99,50.79,,27.99,50.79,2718,25.99,31.99
2023/8/14,27.89,85,2371,986,672,356,171,186,29.98,29.98,27.99,50.79,,27.99,50.79,3380,25.99,31.99
2023/8/15,27.69,91,2520,1056,720,378,234,132,29.98,29.98,27.99,50.79,,27.99,50.79,3336,25.99,31.99
2023/8/16,27.79,86,2390,998,680,358,223,131,29.98,29.98,27.99,50.79,,27.99,50.79,3213,25.99,31.99
2023/8/17,27.79,82,2279,951,649,342,174,163,29.98,29.98,27.99,50.79,,27.99,50.79,3097,25.99,31.99
2023/8/18,27.79,73,2029,847,577,304,208,93,29.98,29.98,27.99,50.79,,27.99,50.79,3025,25.99,31.99
2023/8/19,27.99,14,392,162,111,59,91,-31,29.98,29.98,27.99,50.79,,27.99,50.79,2999,25.99,31.99
2023/8/20,27.89,10,279,116,79,42,63,-21,29.98,29.98,27.99,50.79,,27.99,50.79,4566,25.99,31.99
2023/8/21,26.39,83,2190,963,657,328,201,41,29.98,29.98,27.99,50.79,,27.99,50.79,4522,25.99,31.99
2023/8/22,27.49,108,2969,1253,854,445,191,226,29.98,29.98,27.99,50.79,,27.99,50.79,4267,25.99,31.99
2023/8/23,27.89,93,2594,1079,736,389,193,197,29.98,29.98,27.99,50.79,,27.99,50.79,4375,25.99,31.99
2023/8/24,27.59,100,2759,1160,791,414,165,229,29.98,29.98,27.99,50.79,,27.99,50.79,4289,25.99,31.99
2023/8/25,27.79,81,2251,940,641,338,137,195,29.98,29.98,27.99,50.79,,27.99,50.79,4189,25.99,31.99
2023/8/26,27.99,18,504,209,142,76,69,8,29.98,29.98,27.99,50.79,,27.99,50.79,4112,25.99,31.99
2023/8/27,27.99,21,588,244,166,88,37,53,29.98,29.98,27.99,50.79,,27.99,50.79,4088,25.99,31.99
2023/8/28,27.69,96,2658,1114,759,399,227,159,29.98,29.98,27.99,50.79,,27.99,50.79,4199,25.99,31.99
2023/8/29,26.09,101,2635,1172,799,395,106,163,29.98,29.98,27.99,50.79,,27.99,50.79,4145,25.99,31.99
2023/8/30,27.79,84,2334,974,664,350,159,187,29.98,29.98,27.99,50.79,,27.99,50.79,4024,25.99,31.99
2023/8/31,27.69,95,2631,1102,751,395,146,237,29.98,29.98,27.99,50.79,,27.99,50.79,3972,25.99,31.99
2023/9/1,27.69,70,1938,812,554,291,176,105,29.98,29.98,27.99,50.79,,27.99,50.79,3861,25.99,31.99
2023/9/2,27.89,11,307,128,87,46,84,-38,29.98,29.98,27.99,50.79,,27.99,50.79,3810,25.99,31.99
2023/9/3,27.99,12,336,139,95,50,77,-25,29.98,29.98,27.99,50.79,,27.99,50.79,3774,25.99,31.99
2023/9/4,27.69,26,720,302,206,108,25,79,29.98,29.98,27.99,50.79,,27.99,50.79,3562,25.99,31.99
2023/9/5,27.79,90,2501,1044,712,375,207,163,29.98,29.98,27.99,50.79,,27.99,50.79,3524,25.99,31.99
2023/9/6,27.79,111,3085,1288,878,463,206,250,29.98,29.98,27.99,50.79,,27.99,50.79,3653,25.99,31.99
2023/9/7,27.69,87,2409,1009,688,361,173,178,29.98,29.98,27.99,50.79,,27.99,50.79,3565,25.99,31.99
2023/9/8,27.69,87,2409,1009,688,361,178,173,29.98,29.98,27.99,50.79,,27.99,50.79,3465,25.99,31.99
2023/9/9,27.89,18,502,209,142,75,76,0,29.98,29.98,27.99,50.79,,27.99,50.79,3195,25.99,31.99
